[
  {
    "id": "04e6a394-1fcc-4763-8260-cd39213b22e0",
    "data": [
      {
        "text": "Buenas noches",
        "meta": "@sys.ignore",
        "userDefined": false
      }
    ],
    "isTemplate": false,
    "count": 0,
    "updated": 0
  },
  {
    "id": "76271d82-75fb-4d39-a1b4-8260854f0824",
    "data": [
      {
        "text": "Buenas tardes",
        "meta": "@sys.ignore",
        "userDefined": false
      }
    ],
    "isTemplate": false,
    "count": 0,
    "updated": 0
  },
  {
    "id": "7fc87732-2e09-4385-bc7b-f36789be6d9d",
    "data": [
      {
        "text": "Buenos días",
        "userDefined": false
      }
    ],
    "isTemplate": false,
    "count": 0,
    "updated": 0
  },
  {
    "id": "15b1a646-6451-485f-a1b2-96c81f9e78b1",
    "data": [
      {
        "text": "hola",
        "userDefined": false
      }
    ],
    "isTemplate": false,
    "count": 4,
    "updated": 0
  },
  {
    "id": "f02da888-97a8-49ef-982f-a3b8a6fbcf0a",
    "data": [
      {
        "text": "hey",
        "userDefined": false
      }
    ],
    "isTemplate": false,
    "count": 4,
    "updated": 0
  },
  {
    "id": "b6fe1c55-6d09-4b76-bcdc-7094fa8746fd",
    "data": [
      {
        "text": "saludos",
        "userDefined": false
      }
    ],
    "isTemplate": false,
    "count": 4,
    "updated": 0
  },
  {
    "id": "c22c70fa-1c95-4495-918d-8d5b9ef5a1ce",
    "data": [
      {
        "text": "hey ho",
        "userDefined": false
      }
    ],
    "isTemplate": false,
    "count": 4,
    "updated": 0
  },
  {
    "id": "82229ef9-6d4f-4ede-a42d-edfb3107bef3",
    "data": [
      {
        "text": "chao",
        "userDefined": false
      }
    ],
    "isTemplate": false,
    "count": 4,
    "updated": 0
  },
  {
    "id": "a873de97-18f9-445c-8b87-096e662eee3a",
    "data": [
      {
        "text": "Que ",
        "userDefined": false
      },
      {
        "text": "hay",
        "meta": "@sys.ignore",
        "userDefined": false
      }
    ],
    "isTemplate": false,
    "count": 0,
    "updated": 0
  },
  {
    "id": "eb1a2e35-4273-4488-8a7a-546a31184ac6",
    "data": [
      {
        "text": "ola",
        "userDefined": false
      }
    ],
    "isTemplate": false,
    "count": 0,
    "updated": 0
  },
  {
    "id": "55458b8a-96f6-4aa2-986f-f4e21d550bbc",
    "data": [
      {
        "text": "Holi",
        "userDefined": false
      }
    ],
    "isTemplate": false,
    "count": 0,
    "updated": 0
  },
  {
    "id": "4a4dcab8-cc6b-496b-91d4-eb3d2f2372f2",
    "data": [
      {
        "text": "Que onda",
        "userDefined": false
      }
    ],
    "isTemplate": false,
    "count": 0,
    "updated": 0
  }
]